ECS_Version,Indexed,Field_Set,Field,Type,Level,Normalization,Example,Description
1.5.0-dev,true,base,@timestamp,date,core,,2016-05-23T08:05:34.853Z,Date/time when the event originated.
1.5.0-dev,true,agent,agent.ephemeral_id,keyword,extended,,8a4f500f,Ephemeral identifier of this agent.
1.5.0-dev,true,agent,agent.id,keyword,core,,8a4f500d,Unique identifier of this agent.
1.5.0-dev,true,agent,agent.name,keyword,core,,foo,Custom name of the agent.
1.5.0-dev,true,agent,agent.type,keyword,core,,filebeat,Type of the agent.
1.5.0-dev,true,agent,agent.version,keyword,core,,6.0.0-rc2,Version of the agent.
1.5.0-dev,true,ecs,ecs.version,keyword,core,,1.0.0,ECS version this event conforms to.
1.5.0-dev,true,event,event.action,keyword,core,,user-password-change,The action captured by the event.
1.5.0-dev,true,event,event.category,keyword,core,array,authentication,Event category. The second categorization field in the hierarchy.
1.5.0-dev,true,event,event.created,date,core,,2016-05-23T08:05:34.857Z,Time when the event was first read by an agent or by your pipeline.
1.5.0-dev,true,event,event.dataset,keyword,core,,apache.access,Name of the dataset.
1.5.0-dev,true,event,event.hash,keyword,extended,,123456789012345678901234567890ABCD,Hash (perhaps logstash fingerprint) of raw field to be able to demonstrate log integrity.
1.5.0-dev,true,event,event.id,keyword,core,,8a4f500d,Unique ID to describe the event.
1.5.0-dev,true,event,event.ingested,date,core,,2016-05-23T08:05:35.101Z,Timestamp when an event arrived in the central data store.
1.5.0-dev,true,event,event.kind,keyword,core,,alert,The kind of the event. The highest categorization field in the hierarchy.
1.5.0-dev,true,event,event.module,keyword,core,,apache,Name of the module this data is coming from.
1.5.0-dev,true,event,event.outcome,keyword,core,,success,The outcome of the event. The lowest categorization field in the hierarchy.
1.5.0-dev,true,event,event.sequence,long,extended,,,Sequence number of the event.
1.5.0-dev,true,event,event.type,keyword,core,array,,Event type. The third categorization field in the hierarchy.
1.5.0-dev,true,file,file.accessed,date,extended,,,Last time the file was accessed.
1.5.0-dev,true,file,file.attributes,keyword,extended,array,"[""readonly"", ""system""]",Array of file attributes.
1.5.0-dev,true,file,file.code_signature.exists,boolean,core,,true,Boolean to capture if a signature is present.
1.5.0-dev,true,file,file.code_signature.status,keyword,extended,,ERROR_UNTRUSTED_ROOT,Additional information about the certificate status.
1.5.0-dev,true,file,file.code_signature.subject_name,keyword,core,,Microsoft Corporation,Subject name of the code signer
1.5.0-dev,true,file,file.code_signature.trusted,boolean,extended,,true,Stores the trust status of the certificate chain.
1.5.0-dev,true,file,file.code_signature.valid,boolean,extended,,true,Boolean to capture if the digital signature is verified against the binary content.
1.5.0-dev,true,file,file.created,date,extended,,,File creation time.
1.5.0-dev,true,file,file.ctime,date,extended,,,Last time the file attributes or metadata changed.
1.5.0-dev,true,file,file.device,keyword,extended,,sda,Device that is the source of the file.
1.5.0-dev,true,file,file.directory,keyword,extended,,/home/alice,Directory where the file is located.
1.5.0-dev,true,file,file.drive_letter,keyword,extended,,C,Drive letter where the file is located.
1.5.0-dev,true,file,file.extension,keyword,extended,,png,File extension.
1.5.0-dev,true,file,file.gid,keyword,extended,,1001,Primary group ID (GID) of the file.
1.5.0-dev,true,file,file.group,keyword,extended,,alice,Primary group name of the file.
1.5.0-dev,true,file,file.hash.imphash,keyword,extended,,,Imphash.
1.5.0-dev,true,file,file.hash.md5,keyword,extended,,,MD5 hash.
1.5.0-dev,true,file,file.hash.sha1,keyword,extended,,,SHA1 hash.
1.5.0-dev,true,file,file.hash.sha256,keyword,extended,,,SHA256 hash.
1.5.0-dev,true,file,file.hash.sha512,keyword,extended,,,SHA512 hash.
1.5.0-dev,true,file,file.inode,keyword,extended,,256383,Inode representing the file in the filesystem.
1.5.0-dev,true,file,file.mode,keyword,extended,,0640,Mode of the file in octal representation.
1.5.0-dev,true,file,file.mtime,date,extended,,,Last time the file content was modified.
1.5.0-dev,true,file,file.name,keyword,extended,,example.png,"Name of the file including the extension, without the directory."
1.5.0-dev,true,file,file.owner,keyword,extended,,alice,File owner's username.
1.5.0-dev,true,file,file.path,keyword,extended,,/home/alice/example.png,"Full path to the file, including the file name."
1.5.0-dev,true,file,file.path.text,text,extended,,/home/alice/example.png,"Full path to the file, including the file name."
1.5.0-dev,true,file,file.pe.company,keyword,extended,,Microsoft Corporation,"Internal company name of the file, provided at compile-time."
1.5.0-dev,true,file,file.pe.description,keyword,extended,,Paint,"Internal description of the file, provided at compile-time."
1.5.0-dev,true,file,file.pe.file_version,keyword,extended,,6.3.9600.17415,Process name.
1.5.0-dev,true,file,file.pe.original_file_name,keyword,extended,,MSPAINT.EXE,"Internal name of the file, provided at compile-time."
1.5.0-dev,true,file,file.pe.product,keyword,extended,,Microsoft速 Windows速 Operating System,"Internal product name of the file, provided at compile-time."
1.5.0-dev,true,file,file.size,long,extended,,16384,File size in bytes.
1.5.0-dev,true,file,file.target_path,keyword,extended,,,Target path for symlinks.
1.5.0-dev,true,file,file.target_path.text,text,extended,,,Target path for symlinks.
1.5.0-dev,true,file,file.type,keyword,extended,,file,"File type (file, dir, or symlink)."
1.5.0-dev,true,file,file.uid,keyword,extended,,1001,The user ID (UID) or security identifier (SID) of the file owner.
1.5.0-dev,true,file_classification,file_classification.captured_file,boolean,custom,,,TODO
1.5.0-dev,true,file_classification,file_classification.entry_modified,double,custom,,,TODO
1.5.0-dev,true,file_classification,file_classification.is_signature_trusted,boolean,custom,,,TODO
1.5.0-dev,true,file_classification,file_classification.macro_details.code_page,long,custom,,,TODO
1.5.0-dev,true,file_classification,file_classification.macro_details.errors,nested,custom,,,TODO
1.5.0-dev,true,file_classification,file_classification.macro_details.errors.count,long,custom,,,TODO
1.5.0-dev,true,file_classification,file_classification.macro_details.errors.error_type,keyword,custom,,,TODO
1.5.0-dev,true,file_classification,file_classification.macro_details.file_extension,long,custom,,,TODO
1.5.0-dev,true,file_classification,file_classification.macro_details.macro_collection,object,custom,,,TODO
1.5.0-dev,true,file_classification,file_classification.macro_details.macro_collection.hash.imphash,keyword,extended,,,Imphash.
1.5.0-dev,true,file_classification,file_classification.macro_details.macro_collection.hash.md5,keyword,extended,,,MD5 hash.
1.5.0-dev,true,file_classification,file_classification.macro_details.macro_collection.hash.sha1,keyword,extended,,,SHA1 hash.
1.5.0-dev,true,file_classification,file_classification.macro_details.macro_collection.hash.sha256,keyword,extended,,,SHA256 hash.
1.5.0-dev,true,file_classification,file_classification.macro_details.macro_collection.hash.sha512,keyword,extended,,,SHA512 hash.
1.5.0-dev,true,file_classification,file_classification.macro_details.project_file,object,custom,,,TODO
1.5.0-dev,true,file_classification,file_classification.macro_details.project_file.hash.imphash,keyword,extended,,,Imphash.
1.5.0-dev,true,file_classification,file_classification.macro_details.project_file.hash.md5,keyword,extended,,,MD5 hash.
1.5.0-dev,true,file_classification,file_classification.macro_details.project_file.hash.sha1,keyword,extended,,,SHA1 hash.
1.5.0-dev,true,file_classification,file_classification.macro_details.project_file.hash.sha256,keyword,extended,,,SHA256 hash.
1.5.0-dev,true,file_classification,file_classification.macro_details.project_file.hash.sha512,keyword,extended,,,SHA512 hash.
1.5.0-dev,true,file_classification,file_classification.macro_details.stream_data,nested,custom,,,TODO
1.5.0-dev,true,file_classification,file_classification.macro_details.stream_data.hash.imphash,keyword,extended,,,Imphash.
1.5.0-dev,true,file_classification,file_classification.macro_details.stream_data.hash.md5,keyword,extended,,,MD5 hash.
1.5.0-dev,true,file_classification,file_classification.macro_details.stream_data.hash.sha1,keyword,extended,,,SHA1 hash.
1.5.0-dev,true,file_classification,file_classification.macro_details.stream_data.hash.sha256,keyword,extended,,,SHA256 hash.
1.5.0-dev,true,file_classification,file_classification.macro_details.stream_data.hash.sha512,keyword,extended,,,SHA512 hash.
1.5.0-dev,true,file_classification,file_classification.macro_details.stream_data.name,keyword,custom,,,TODO
1.5.0-dev,true,file_classification,file_classification.macro_details.stream_data.raw_code,keyword,custom,,,TODO
1.5.0-dev,true,file_classification,file_classification.macro_details.stream_data.raw_code_size,keyword,custom,,,TODO
1.5.0-dev,true,file_classification,file_classification.malware_classification.compressed_malware_features.data_buffer,keyword,custom,,,TODO
1.5.0-dev,true,file_classification,file_classification.malware_classification.compressed_malware_features.decompressed_size,integer,custom,,,TODO
1.5.0-dev,true,file_classification,file_classification.malware_classification.compressed_malware_features.encoding,keyword,custom,,,TODO
1.5.0-dev,true,file_classification,file_classification.malware_classification.identifier,keyword,custom,,,TODO
1.5.0-dev,true,file_classification,file_classification.malware_classification.prevention_threshold,double,custom,,,TODO
1.5.0-dev,true,file_classification,file_classification.malware_classification.score,double,custom,,,TODO
1.5.0-dev,true,file_classification,file_classification.malware_classification.threshold,double,custom,,,TODO
1.5.0-dev,true,file_classification,file_classification.malware_classification.upx_packed,boolean,custom,,,TODO
1.5.0-dev,true,file_classification,file_classification.malware_classification.version,keyword,custom,,,TODO
1.5.0-dev,true,file_classification,file_classification.quarantine_result.alert_correlation_id,keyword,custom,,,TODO
1.5.0-dev,true,file_classification,file_classification.quarantine_result.quarantine_path,keyword,custom,,,TODO
1.5.0-dev,true,file_classification,file_classification.signature_signer,keyword,custom,,,TODO
1.5.0-dev,true,file_classification,file_classification.temp_file_path,keyword,custom,,,TODO
1.5.0-dev,true,file_classification,file_classification.user_blacklisted,boolean,custom,,,TODO
1.5.0-dev,true,file_classification,file_classification.yara_hits,nested,custom,,,TODO
1.5.0-dev,true,file_classification,file_classification.yara_hits.identifier,keyword,custom,,,TODO
1.5.0-dev,true,file_classification,file_classification.yara_hits.matched_data,keyword,custom,,,TODO
1.5.0-dev,true,file_classification,file_classification.yara_hits.rule_name,keyword,custom,,,TODO
1.5.0-dev,true,file_classification,file_classification.yara_hits.version,keyword,custom,,,TODO
1.5.0-dev,true,host,host.architecture,keyword,core,,x86_64,Operating system architecture.
1.5.0-dev,true,host,host.domain,keyword,extended,,CONTOSO,Name of the directory the group is a member of.
1.5.0-dev,true,host,host.geo.city_name,keyword,core,,Montreal,City name.
1.5.0-dev,true,host,host.geo.continent_name,keyword,core,,North America,Name of the continent.
1.5.0-dev,true,host,host.geo.country_iso_code,keyword,core,,CA,Country ISO code.
1.5.0-dev,true,host,host.geo.country_name,keyword,core,,Canada,Country name.
1.5.0-dev,true,host,host.geo.location,geo_point,core,,"{ ""lon"": -73.614830, ""lat"": 45.505918 }",Longitude and latitude.
1.5.0-dev,true,host,host.geo.name,keyword,extended,,boston-dc,User-defined description of a location.
1.5.0-dev,true,host,host.geo.region_iso_code,keyword,core,,CA-QC,Region ISO code.
1.5.0-dev,true,host,host.geo.region_name,keyword,core,,Quebec,Region name.
1.5.0-dev,true,host,host.hostname,keyword,core,,,Hostname of the host.
1.5.0-dev,true,host,host.id,keyword,core,,,Unique host id.
1.5.0-dev,true,host,host.ip,ip,core,array,,Host ip addresses.
1.5.0-dev,true,host,host.mac,keyword,core,array,,Host mac addresses.
1.5.0-dev,true,host,host.name,keyword,core,,,Name of the host.
1.5.0-dev,true,host,host.os.family,keyword,extended,,debian,"OS family (such as redhat, debian, freebsd, windows)."
1.5.0-dev,true,host,host.os.full,keyword,extended,,Mac OS Mojave,"Operating system name, including the version or code name."
1.5.0-dev,true,host,host.os.full.text,text,extended,,Mac OS Mojave,"Operating system name, including the version or code name."
1.5.0-dev,true,host,host.os.kernel,keyword,extended,,4.4.0-112-generic,Operating system kernel version as a raw string.
1.5.0-dev,true,host,host.os.name,keyword,extended,,Mac OS X,"Operating system name, without the version."
1.5.0-dev,true,host,host.os.name.text,text,extended,,Mac OS X,"Operating system name, without the version."
1.5.0-dev,true,host,host.os.platform,keyword,extended,,darwin,"Operating system platform (such centos, ubuntu, windows)."
1.5.0-dev,true,host,host.os.version,keyword,extended,,10.14.1,Operating system version as a raw string.
1.5.0-dev,true,host,host.type,keyword,core,,,Type of host.
1.5.0-dev,true,host,host.uptime,long,extended,,1325,Seconds the host has been up.
1.5.0-dev,true,host,host.user.domain,keyword,extended,,,Name of the directory the user is a member of.
1.5.0-dev,true,host,host.user.email,keyword,extended,,,User email address.
1.5.0-dev,true,host,host.user.full_name,keyword,extended,,Albert Einstein,"User's full name, if available."
1.5.0-dev,true,host,host.user.full_name.text,text,extended,,Albert Einstein,"User's full name, if available."
1.5.0-dev,true,host,host.user.group.domain,keyword,extended,,,Name of the directory the group is a member of.
1.5.0-dev,true,host,host.user.group.id,keyword,extended,,,Unique identifier for the group on the system/platform.
1.5.0-dev,true,host,host.user.group.name,keyword,extended,,,Name of the group.
1.5.0-dev,true,host,host.user.hash,keyword,extended,,,Unique user hash to correlate information for a user in anonymized form.
1.5.0-dev,true,host,host.user.id,keyword,core,,,Unique identifiers of the user.
1.5.0-dev,true,host,host.user.name,keyword,core,,albert,Short name or login of the user.
1.5.0-dev,true,host,host.user.name.text,text,core,,albert,Short name or login of the user.
1.5.0-dev,true,process,process.args,keyword,extended,array,"['/usr/bin/ssh', '-l', 'user', '10.0.0.16']",Array of process arguments.
1.5.0-dev,true,process,process.args_count,long,extended,,4,Length of the process.args array.
1.5.0-dev,true,process,process.argv_list,keyword,custom,,,TODO
1.5.0-dev,true,process,process.authenticode,nested,custom,,,TODO
1.5.0-dev,true,process,process.authenticode.cert_signer.issuer_name,keyword,custom,,,TODO
1.5.0-dev,true,process,process.authenticode.cert_signer.serial_number,keyword,custom,,,TODO
1.5.0-dev,true,process,process.authenticode.cert_signer.subject_name,keyword,custom,,,TODO
1.5.0-dev,true,process,process.authenticode.cert_signer.timestamp_string,keyword,custom,,,TODO
1.5.0-dev,true,process,process.authenticode.cert_timestamp.issuer_name,keyword,custom,,,TODO
1.5.0-dev,true,process,process.authenticode.cert_timestamp.serial_number,keyword,custom,,,TODO
1.5.0-dev,true,process,process.authenticode.cert_timestamp.subject_name,keyword,custom,,,TODO
1.5.0-dev,true,process,process.authenticode.cert_timestamp.timestamp_string,keyword,custom,,,TODO
1.5.0-dev,true,process,process.authenticode.more_info_link,keyword,custom,,,TODO
1.5.0-dev,true,process,process.authenticode.program_name,keyword,custom,,,TODO
1.5.0-dev,true,process,process.authenticode.publisher_link,keyword,custom,,,TODO
1.5.0-dev,true,process,process.code_signature.exists,boolean,core,,true,Boolean to capture if a signature is present.
1.5.0-dev,true,process,process.code_signature.status,keyword,extended,,ERROR_UNTRUSTED_ROOT,Additional information about the certificate status.
1.5.0-dev,true,process,process.code_signature.subject_name,keyword,core,,Microsoft Corporation,Subject name of the code signer
1.5.0-dev,true,process,process.code_signature.trusted,boolean,extended,,true,Stores the trust status of the certificate chain.
1.5.0-dev,true,process,process.code_signature.valid,boolean,extended,,true,Boolean to capture if the digital signature is verified against the binary content.
1.5.0-dev,true,process,process.command_line,keyword,extended,,/usr/bin/ssh -l user 10.0.0.16,Full command line that started the process.
1.5.0-dev,true,process,process.command_line.text,text,extended,,/usr/bin/ssh -l user 10.0.0.16,Full command line that started the process.
1.5.0-dev,true,process,process.cpu_percent,double,custom,,,TODO
1.5.0-dev,true,process,process.cwd,keyword,custom,,,TODO
1.5.0-dev,true,process,process.defense_evasions,nested,custom,,,TODO
1.5.0-dev,true,process,process.defense_evasions.call_stack,nested,custom,,,TODO
1.5.0-dev,true,process,process.defense_evasions.call_stack.instruction_pointer,keyword,custom,,,TODO
1.5.0-dev,true,process,process.defense_evasions.call_stack.memory_section.memory_address,keyword,custom,,,TODO
1.5.0-dev,true,process,process.defense_evasions.call_stack.memory_section.memory_size,keyword,custom,,,TODO
1.5.0-dev,true,process,process.defense_evasions.call_stack.memory_section.protection,keyword,custom,,,TODO
1.5.0-dev,true,process,process.defense_evasions.call_stack.module_path,keyword,custom,,,TODO
1.5.0-dev,true,process,process.defense_evasions.call_stack.rva,keyword,custom,,,TODO
1.5.0-dev,true,process,process.defense_evasions.call_stack.symbol_info,keyword,custom,,,TODO
1.5.0-dev,true,process,process.defense_evasions.delta_count,keyword,custom,,,TODO
1.5.0-dev,true,process,process.defense_evasions.evasion_subtype,keyword,custom,,,TODO
1.5.0-dev,true,process,process.defense_evasions.evasion_type,keyword,custom,,,TODO
1.5.0-dev,true,process,process.defense_evasions.instruction_pointer,keyword,custom,,,TODO
1.5.0-dev,true,process,process.defense_evasions.memory_sections,nested,custom,,,TODO
1.5.0-dev,true,process,process.defense_evasions.memory_sections.memory_address,keyword,custom,,,TODO
1.5.0-dev,true,process,process.defense_evasions.memory_sections.memory_size,keyword,custom,,,TODO
1.5.0-dev,true,process,process.defense_evasions.memory_sections.protection,keyword,custom,,,TODO
1.5.0-dev,true,process,process.defense_evasions.module_path,keyword,custom,,,TODO
1.5.0-dev,true,process,process.defense_evasions.thread.thread_id,long,custom,,,TODO
1.5.0-dev,true,process,process.defense_evasions.thread.thread_start_address,keyword,custom,,,TODO
1.5.0-dev,true,process,process.defense_evasions.total_memory_size,keyword,custom,,,TODO
1.5.0-dev,true,process,process.domain,keyword,custom,,,TODO
1.5.0-dev,true,process,process.entity_id,keyword,extended,,c2c455d9f99375d,Unique identifier for the process.
1.5.0-dev,true,process,process.env_variables,keyword,custom,,,TODO
1.5.0-dev,true,process,process.executable,keyword,extended,,/usr/bin/ssh,Absolute path to the process executable.
1.5.0-dev,true,process,process.executable.text,text,extended,,/usr/bin/ssh,Absolute path to the process executable.
1.5.0-dev,true,process,process.exit_code,long,extended,,137,The exit code of the process.
1.5.0-dev,true,process,process.file_hash.imphash,keyword,custom,,,Imphash.
1.5.0-dev,true,process,process.file_hash.md5,keyword,custom,,,MD5 hash.
1.5.0-dev,true,process,process.file_hash.sha1,keyword,custom,,,SHA1 hash.
1.5.0-dev,true,process,process.file_hash.sha256,keyword,custom,,,SHA256 hash.
1.5.0-dev,true,process,process.file_hash.sha512,keyword,custom,,,SHA512 hash.
1.5.0-dev,true,process,process.gid,long,custom,,,TODO
1.5.0-dev,true,process,process.group,keyword,custom,,,TODO
1.5.0-dev,true,process,process.handles,nested,custom,,,TODO
1.5.0-dev,true,process,process.handles.handle_id,long,custom,,,TODO
1.5.0-dev,true,process,process.handles.handle_name,keyword,custom,,,TODO
1.5.0-dev,true,process,process.handles.handle_type,keyword,custom,,,TODO
1.5.0-dev,true,process,process.has_unbacked_execute_memory,boolean,custom,,,TODO
1.5.0-dev,true,process,process.hash.imphash,keyword,extended,,,Imphash.
1.5.0-dev,true,process,process.hash.md5,keyword,extended,,,MD5 hash.
1.5.0-dev,true,process,process.hash.sha1,keyword,extended,,,SHA1 hash.
1.5.0-dev,true,process,process.hash.sha256,keyword,extended,,,SHA256 hash.
1.5.0-dev,true,process,process.hash.sha512,keyword,extended,,,SHA512 hash.
1.5.0-dev,true,process,process.hash_matched_module,boolean,custom,,,TODO
1.5.0-dev,true,process,process.is_endpoint,boolean,custom,,,Is this the Elastic Endpoint process or not.
1.5.0-dev,true,process,process.malware_classification.compressed_malware_features.data_buffer,keyword,custom,,,TODO
1.5.0-dev,true,process,process.malware_classification.compressed_malware_features.decompressed_size,integer,custom,,,TODO
1.5.0-dev,true,process,process.malware_classification.compressed_malware_features.encoding,keyword,custom,,,TODO
1.5.0-dev,true,process,process.malware_classification.identifier,keyword,custom,,,TODO
1.5.0-dev,true,process,process.malware_classification.prevention_threshold,double,custom,,,TODO
1.5.0-dev,true,process,process.malware_classification.score,double,custom,,,TODO
1.5.0-dev,true,process,process.malware_classification.threshold,double,custom,,,TODO
1.5.0-dev,true,process,process.malware_classification.upx_packed,boolean,custom,,,TODO
1.5.0-dev,true,process,process.malware_classification.version,keyword,custom,,,TODO
1.5.0-dev,true,process,process.memory_percent,double,custom,,,TODO
1.5.0-dev,true,process,process.memory_region,nested,custom,,,TODO
1.5.0-dev,true,process,process.memory_region.allocation_base,keyword,custom,,,TODO
1.5.0-dev,true,process,process.memory_region.allocation_protection,keyword,custom,,,TODO
1.5.0-dev,true,process,process.memory_region.bytes,keyword,custom,,,TODO
1.5.0-dev,true,process,process.memory_region.histogram,nested,custom,,,TODO
1.5.0-dev,true,process,process.memory_region.histogram.histogram_array,keyword,custom,,,TODO
1.5.0-dev,true,process,process.memory_region.histogram.histogram_flavor,keyword,custom,,,TODO
1.5.0-dev,true,process,process.memory_region.histogram.histogram_resolution,keyword,custom,,,TODO
1.5.0-dev,true,process,process.memory_region.length,keyword,custom,,,TODO
1.5.0-dev,true,process,process.memory_region.memory,keyword,custom,,,TODO
1.5.0-dev,true,process,process.memory_region.memory_address,keyword,custom,,,TODO
1.5.0-dev,true,process,process.memory_region.module_path,keyword,custom,,,TODO
1.5.0-dev,true,process,process.memory_region.permission,keyword,custom,,,TODO
1.5.0-dev,true,process,process.memory_region.protection,keyword,custom,,,TODO
1.5.0-dev,true,process,process.memory_region.region_base,keyword,custom,,,TODO
1.5.0-dev,true,process,process.memory_region.region_size,keyword,custom,,,TODO
1.5.0-dev,true,process,process.memory_region.region_tag,keyword,custom,,,TODO
1.5.0-dev,true,process,process.memory_region.type,keyword,custom,,,TODO
1.5.0-dev,true,process,process.memory_region.unbacked_on_disk,boolean,custom,,,TODO
1.5.0-dev,true,process,process.modules,nested,custom,,,These fields contain information about a list of modules.
1.5.0-dev,true,process,process.modules.architecture,keyword,custom,,,TODO
1.5.0-dev,true,process,process.modules.authenticode,nested,custom,,,TODO
1.5.0-dev,true,process,process.modules.authenticode.cert_signer.issuer_name,keyword,custom,,,TODO
1.5.0-dev,true,process,process.modules.authenticode.cert_signer.serial_number,keyword,custom,,,TODO
1.5.0-dev,true,process,process.modules.authenticode.cert_signer.subject_name,keyword,custom,,,TODO
1.5.0-dev,true,process,process.modules.authenticode.cert_signer.timestamp_string,keyword,custom,,,TODO
1.5.0-dev,true,process,process.modules.authenticode.cert_timestamp.issuer_name,keyword,custom,,,TODO
1.5.0-dev,true,process,process.modules.authenticode.cert_timestamp.serial_number,keyword,custom,,,TODO
1.5.0-dev,true,process,process.modules.authenticode.cert_timestamp.subject_name,keyword,custom,,,TODO
1.5.0-dev,true,process,process.modules.authenticode.cert_timestamp.timestamp_string,keyword,custom,,,TODO
1.5.0-dev,true,process,process.modules.authenticode.more_info_link,keyword,custom,,,TODO
1.5.0-dev,true,process,process.modules.authenticode.program_name,keyword,custom,,,TODO
1.5.0-dev,true,process,process.modules.authenticode.publisher_link,keyword,custom,,,TODO
1.5.0-dev,true,process,process.modules.compile_time,date,custom,,,TODO
1.5.0-dev,true,process,process.modules.hash.imphash,keyword,extended,,,Imphash.
1.5.0-dev,true,process,process.modules.hash.md5,keyword,extended,,,MD5 hash.
1.5.0-dev,true,process,process.modules.hash.sha1,keyword,extended,,,SHA1 hash.
1.5.0-dev,true,process,process.modules.hash.sha256,keyword,extended,,,SHA256 hash.
1.5.0-dev,true,process,process.modules.hash.sha512,keyword,extended,,,SHA512 hash.
1.5.0-dev,true,process,process.modules.malware_classification.compressed_malware_features.data_buffer,keyword,custom,,,TODO
1.5.0-dev,true,process,process.modules.malware_classification.compressed_malware_features.decompressed_size,integer,custom,,,TODO
1.5.0-dev,true,process,process.modules.malware_classification.compressed_malware_features.encoding,keyword,custom,,,TODO
1.5.0-dev,true,process,process.modules.malware_classification.identifier,keyword,custom,,,TODO
1.5.0-dev,true,process,process.modules.malware_classification.prevention_threshold,double,custom,,,TODO
1.5.0-dev,true,process,process.modules.malware_classification.score,double,custom,,,TODO
1.5.0-dev,true,process,process.modules.malware_classification.threshold,double,custom,,,TODO
1.5.0-dev,true,process,process.modules.malware_classification.upx_packed,boolean,custom,,,TODO
1.5.0-dev,true,process,process.modules.malware_classification.version,keyword,custom,,,TODO
1.5.0-dev,true,process,process.modules.mapped_address,keyword,custom,,,TODO
1.5.0-dev,true,process,process.modules.mapped_size,long,custom,,,TODO
1.5.0-dev,true,process,process.modules.path,keyword,custom,,,TODO
1.5.0-dev,true,process,process.modules.pe_exports,nested,custom,,,TODO
1.5.0-dev,true,process,process.modules.pe_exports.name,keyword,custom,,,TODO
1.5.0-dev,true,process,process.modules.pe_exports.ordinal,long,custom,,,TODO
1.5.0-dev,true,process,process.modules.pe_imports,nested,custom,,,TODO
1.5.0-dev,true,process,process.modules.pe_imports.dll_name,keyword,custom,,,TODO
1.5.0-dev,true,process,process.modules.pe_imports.import_names,keyword,custom,,,TODO
1.5.0-dev,true,process,process.modules.signature_signer,keyword,custom,,,TODO
1.5.0-dev,true,process,process.modules.signature_status,keyword,custom,,,TODO
1.5.0-dev,true,process,process.name,keyword,extended,,ssh,Process name.
1.5.0-dev,true,process,process.name.text,text,extended,,ssh,Process name.
1.5.0-dev,true,process,process.num_threads,long,custom,,,TODO
1.5.0-dev,true,process,process.parent.args,keyword,extended,array,"['ssh', '-l', 'user', '10.0.0.16']",Array of process arguments.
1.5.0-dev,true,process,process.parent.args_count,long,extended,,4,Length of the process.args array.
1.5.0-dev,true,process,process.parent.code_signature.exists,boolean,core,,true,Boolean to capture if a signature is present.
1.5.0-dev,true,process,process.parent.code_signature.status,keyword,extended,,ERROR_UNTRUSTED_ROOT,Additional information about the certificate status.
1.5.0-dev,true,process,process.parent.code_signature.subject_name,keyword,core,,Microsoft Corporation,Subject name of the code signer
1.5.0-dev,true,process,process.parent.code_signature.trusted,boolean,extended,,true,Stores the trust status of the certificate chain.
1.5.0-dev,true,process,process.parent.code_signature.valid,boolean,extended,,true,Boolean to capture if the digital signature is verified against the binary content.
1.5.0-dev,true,process,process.parent.command_line,keyword,extended,,/usr/bin/ssh -l user 10.0.0.16,Full command line that started the process.
1.5.0-dev,true,process,process.parent.command_line.text,text,extended,,/usr/bin/ssh -l user 10.0.0.16,Full command line that started the process.
1.5.0-dev,true,process,process.parent.entity_id,keyword,extended,,c2c455d9f99375d,Unique identifier for the process.
1.5.0-dev,true,process,process.parent.executable,keyword,extended,,/usr/bin/ssh,Absolute path to the process executable.
1.5.0-dev,true,process,process.parent.executable.text,text,extended,,/usr/bin/ssh,Absolute path to the process executable.
1.5.0-dev,true,process,process.parent.exit_code,long,extended,,137,The exit code of the process.
1.5.0-dev,true,process,process.parent.hash.imphash,keyword,extended,,,Imphash.
1.5.0-dev,true,process,process.parent.hash.md5,keyword,extended,,,MD5 hash.
1.5.0-dev,true,process,process.parent.hash.sha1,keyword,extended,,,SHA1 hash.
1.5.0-dev,true,process,process.parent.hash.sha256,keyword,extended,,,SHA256 hash.
1.5.0-dev,true,process,process.parent.hash.sha512,keyword,extended,,,SHA512 hash.
1.5.0-dev,true,process,process.parent.name,keyword,extended,,ssh,Process name.
1.5.0-dev,true,process,process.parent.name.text,text,extended,,ssh,Process name.
1.5.0-dev,true,process,process.parent.pgid,long,extended,,,Identifier of the group of processes the process belongs to.
1.5.0-dev,true,process,process.parent.pid,long,core,,4242,Process id.
1.5.0-dev,true,process,process.parent.ppid,long,extended,,4241,Parent process' pid.
1.5.0-dev,true,process,process.parent.start,date,extended,,2016-05-23T08:05:34.853Z,The time the process started.
1.5.0-dev,true,process,process.parent.thread.id,long,extended,,4242,Thread ID.
1.5.0-dev,true,process,process.parent.thread.name,keyword,extended,,thread-0,Thread name.
1.5.0-dev,true,process,process.parent.title,keyword,extended,,,Process title.
1.5.0-dev,true,process,process.parent.title.text,text,extended,,,Process title.
1.5.0-dev,true,process,process.parent.uptime,long,extended,,1325,Seconds the process has been up.
1.5.0-dev,true,process,process.parent.working_directory,keyword,extended,,/home/alice,The working directory of the process.
1.5.0-dev,true,process,process.parent.working_directory.text,text,extended,,/home/alice,The working directory of the process.
1.5.0-dev,true,process,process.pe.company,keyword,extended,,Microsoft Corporation,"Internal company name of the file, provided at compile-time."
1.5.0-dev,true,process,process.pe.description,keyword,extended,,Paint,"Internal description of the file, provided at compile-time."
1.5.0-dev,true,process,process.pe.file_version,keyword,extended,,6.3.9600.17415,Process name.
1.5.0-dev,true,process,process.pe.original_file_name,keyword,extended,,MSPAINT.EXE,"Internal name of the file, provided at compile-time."
1.5.0-dev,true,process,process.pe.product,keyword,extended,,Microsoft速 Windows速 Operating System,"Internal product name of the file, provided at compile-time."
1.5.0-dev,true,process,process.pe_info.architecture,keyword,custom,,,TODO
1.5.0-dev,true,process,process.pe_info.authenticode,nested,custom,,,TODO
1.5.0-dev,true,process,process.pe_info.authenticode.cert_signer.issuer_name,keyword,custom,,,TODO
1.5.0-dev,true,process,process.pe_info.authenticode.cert_signer.serial_number,keyword,custom,,,TODO
1.5.0-dev,true,process,process.pe_info.authenticode.cert_signer.subject_name,keyword,custom,,,TODO
1.5.0-dev,true,process,process.pe_info.authenticode.cert_signer.timestamp_string,keyword,custom,,,TODO
1.5.0-dev,true,process,process.pe_info.authenticode.cert_timestamp.issuer_name,keyword,custom,,,TODO
1.5.0-dev,true,process,process.pe_info.authenticode.cert_timestamp.serial_number,keyword,custom,,,TODO
1.5.0-dev,true,process,process.pe_info.authenticode.cert_timestamp.subject_name,keyword,custom,,,TODO
1.5.0-dev,true,process,process.pe_info.authenticode.cert_timestamp.timestamp_string,keyword,custom,,,TODO
1.5.0-dev,true,process,process.pe_info.authenticode.more_info_link,keyword,custom,,,TODO
1.5.0-dev,true,process,process.pe_info.authenticode.program_name,keyword,custom,,,TODO
1.5.0-dev,true,process,process.pe_info.authenticode.publisher_link,keyword,custom,,,TODO
1.5.0-dev,true,process,process.pe_info.compile_time,long,custom,,,TODO
1.5.0-dev,true,process,process.pe_info.entry_point_address,long,custom,,,TODO
1.5.0-dev,true,process,process.pe_info.is_dll,boolean,custom,,,TODO
1.5.0-dev,true,process,process.pe_info.malware_classification.compressed_malware_features.data_buffer,keyword,custom,,,TODO
1.5.0-dev,true,process,process.pe_info.malware_classification.compressed_malware_features.decompressed_size,integer,custom,,,TODO
1.5.0-dev,true,process,process.pe_info.malware_classification.compressed_malware_features.encoding,keyword,custom,,,TODO
1.5.0-dev,true,process,process.pe_info.malware_classification.identifier,keyword,custom,,,TODO
1.5.0-dev,true,process,process.pe_info.malware_classification.prevention_threshold,double,custom,,,TODO
1.5.0-dev,true,process,process.pe_info.malware_classification.score,double,custom,,,TODO
1.5.0-dev,true,process,process.pe_info.malware_classification.threshold,double,custom,,,TODO
1.5.0-dev,true,process,process.pe_info.malware_classification.upx_packed,boolean,custom,,,TODO
1.5.0-dev,true,process,process.pe_info.malware_classification.version,keyword,custom,,,TODO
1.5.0-dev,true,process,process.pe_info.pe_exports,nested,custom,,,TODO
1.5.0-dev,true,process,process.pe_info.pe_exports.name,keyword,custom,,,TODO
1.5.0-dev,true,process,process.pe_info.pe_exports.ordinal,long,custom,,,TODO
1.5.0-dev,true,process,process.pe_info.pe_imports,nested,custom,,,TODO
1.5.0-dev,true,process,process.pe_info.pe_imports.dll_name,keyword,custom,,,TODO
1.5.0-dev,true,process,process.pe_info.pe_imports.import_names,keyword,custom,,,TODO
1.5.0-dev,true,process,process.pe_info.resources,nested,custom,,,TODO
1.5.0-dev,true,process,process.pe_info.resources.resource_data.entropy,double,custom,,,TODO
1.5.0-dev,true,process,process.pe_info.resources.resource_data.size,long,custom,,,TODO
1.5.0-dev,true,process,process.pe_info.resources.resource_id,long,custom,,,TODO
1.5.0-dev,true,process,process.pe_info.resources.resource_name,keyword,custom,,,TODO
1.5.0-dev,true,process,process.pe_info.resources.resource_type,keyword,custom,,,TODO
1.5.0-dev,true,process,process.pe_info.sections,nested,custom,,,TODO
1.5.0-dev,true,process,process.pe_info.sections.entropy,double,custom,,,TODO
1.5.0-dev,true,process,process.pe_info.sections.name,keyword,custom,,,TODO
1.5.0-dev,true,process,process.pe_info.sections.raw_offset,keyword,custom,,,TODO
1.5.0-dev,true,process,process.pe_info.sections.raw_size,keyword,custom,,,TODO
1.5.0-dev,true,process,process.pe_info.sections.virtual_address,keyword,custom,,,TODO
1.5.0-dev,true,process,process.pe_info.sections.virtual_size,keyword,custom,,,TODO
1.5.0-dev,true,process,process.pe_info.signature_signer,keyword,custom,,,TODO
1.5.0-dev,true,process,process.pe_info.signature_status,keyword,custom,,,TODO
1.5.0-dev,true,process,process.pe_info.version_info,nested,custom,,,TODO
1.5.0-dev,true,process,process.pe_info.version_info.code_page,long,custom,,,TODO
1.5.0-dev,true,process,process.pe_info.version_info.key,keyword,custom,,,TODO
1.5.0-dev,true,process,process.pe_info.version_info.language,long,custom,,,TODO
1.5.0-dev,true,process,process.pe_info.version_info.value_string,keyword,custom,,,TODO
1.5.0-dev,true,process,process.pgid,long,extended,,,Identifier of the group of processes the process belongs to.
1.5.0-dev,true,process,process.phys_memory_bytes,keyword,custom,,,TODO
1.5.0-dev,true,process,process.pid,long,core,,4242,Process id.
1.5.0-dev,true,process,process.ppid,long,extended,,4241,Parent process' pid.
1.5.0-dev,true,process,process.services,keyword,custom,,,TODO
1.5.0-dev,true,process,process.session_id,long,custom,,,TODO
1.5.0-dev,true,process,process.short_name,keyword,custom,,,TODO
1.5.0-dev,true,process,process.sid,keyword,custom,,,TODO
1.5.0-dev,true,process,process.signature_signer,keyword,custom,,,TODO
1.5.0-dev,true,process,process.signature_status,keyword,custom,,,TODO
1.5.0-dev,true,process,process.start,date,extended,,2016-05-23T08:05:34.853Z,The time the process started.
1.5.0-dev,true,process,process.thread.id,long,extended,,4242,Thread ID.
1.5.0-dev,true,process,process.thread.name,keyword,extended,,thread-0,Thread name.
1.5.0-dev,true,process,process.threads,nested,custom,,,TODO
1.5.0-dev,true,process,process.threads.entrypoint,keyword,custom,,,TODO
1.5.0-dev,true,process,process.threads.id,long,custom,,,TODO
1.5.0-dev,true,process,process.threads.start,date,custom,,,TODO
1.5.0-dev,true,process,process.threads.uptime,long,custom,,,TODO
1.5.0-dev,true,process,process.title,keyword,extended,,,Process title.
1.5.0-dev,true,process,process.title.text,text,extended,,,Process title.
1.5.0-dev,true,process,process.token.domain,keyword,extended,,,TODO
1.5.0-dev,true,process,process.token.impersonation_level,keyword,extended,,,Impersonation level. Only valid for impersonation tokens.
1.5.0-dev,true,process,process.token.integrity_level,long,extended,,,Numeric integrity level.
1.5.0-dev,true,process,process.token.integrity_level_name,keyword,extended,,,Human readable integrity level.
1.5.0-dev,true,process,process.token.is_appcontainer,boolean,extended,,,Whether or not this is an appcontainer token.
1.5.0-dev,true,process,process.token.privileges,nested,extended,,,Array describing the privileges associated with the token.
1.5.0-dev,true,process,process.token.privileges.description,keyword,extended,,,Description of the privilege.
1.5.0-dev,true,process,process.token.privileges.enabled,boolean,extended,,,Whether or not the privilege is enabled.
1.5.0-dev,true,process,process.token.privileges.name,keyword,extended,,,Name of the privilege.
1.5.0-dev,true,process,process.token.sid,keyword,extended,,,TODO
1.5.0-dev,true,process,process.token.type,keyword,extended,,,"Type of the token, either primary or impersonation."
1.5.0-dev,true,process,process.token.user,keyword,extended,,,Username of token owner.
1.5.0-dev,true,process,process.tty_device_major_number,integer,custom,,,TODO
1.5.0-dev,true,process,process.tty_device_minor_number,integer,custom,,,TODO
1.5.0-dev,true,process,process.tty_device_name,keyword,custom,,,TODO
1.5.0-dev,true,process,process.uid,long,custom,,,TODO
1.5.0-dev,true,process,process.unbacked_execute_byte_count,keyword,custom,,,TODO
1.5.0-dev,true,process,process.unbacked_execute_region_count,keyword,custom,,,TODO
1.5.0-dev,true,process,process.unique_pid,keyword,custom,,,Unique process id.
1.5.0-dev,true,process,process.unique_ppid,keyword,custom,,,Unique parent process id.
1.5.0-dev,true,process,process.uptime,long,extended,,1325,Seconds the process has been up.
1.5.0-dev,true,process,process.user,keyword,custom,,,TODO
1.5.0-dev,true,process,process.virt_memory_bytes,keyword,custom,,,TODO
1.5.0-dev,true,process,process.working_directory,keyword,extended,,/home/alice,The working directory of the process.
1.5.0-dev,true,process,process.working_directory.text,text,extended,,/home/alice,The working directory of the process.
1.5.0-dev,true,rule,rule.category,keyword,extended,,Attempted Information Leak,Rule category
1.5.0-dev,true,rule,rule.description,keyword,extended,,Block requests to public DNS over HTTPS / TLS protocols,Rule description
1.5.0-dev,true,rule,rule.id,keyword,extended,,101,Rule ID
1.5.0-dev,true,rule,rule.name,keyword,extended,,BLOCK_DNS_over_TLS,Rule name
1.5.0-dev,true,rule,rule.reference,keyword,extended,,https://en.wikipedia.org/wiki/DNS_over_TLS,Rule reference URL
1.5.0-dev,true,rule,rule.ruleset,keyword,extended,,Standard_Protocol_Filters,Rule ruleset
1.5.0-dev,true,rule,rule.uuid,keyword,extended,,1100110011,Rule UUID
1.5.0-dev,true,rule,rule.version,keyword,extended,,1.1,Rule version
1.5.0-dev,true,target,target.process.args,keyword,extended,array,"['/usr/bin/ssh', '-l', 'user', '10.0.0.16']",Array of process arguments.
1.5.0-dev,true,target,target.process.args_count,long,extended,,4,Length of the process.args array.
1.5.0-dev,true,target,target.process.argv_list,keyword,custom,,,TODO
1.5.0-dev,true,target,target.process.authenticode,nested,custom,,,TODO
1.5.0-dev,true,target,target.process.authenticode.cert_signer.issuer_name,keyword,custom,,,TODO
1.5.0-dev,true,target,target.process.authenticode.cert_signer.serial_number,keyword,custom,,,TODO
1.5.0-dev,true,target,target.process.authenticode.cert_signer.subject_name,keyword,custom,,,TODO
1.5.0-dev,true,target,target.process.authenticode.cert_signer.timestamp_string,keyword,custom,,,TODO
1.5.0-dev,true,target,target.process.authenticode.cert_timestamp.issuer_name,keyword,custom,,,TODO
1.5.0-dev,true,target,target.process.authenticode.cert_timestamp.serial_number,keyword,custom,,,TODO
1.5.0-dev,true,target,target.process.authenticode.cert_timestamp.subject_name,keyword,custom,,,TODO
1.5.0-dev,true,target,target.process.authenticode.cert_timestamp.timestamp_string,keyword,custom,,,TODO
1.5.0-dev,true,target,target.process.authenticode.more_info_link,keyword,custom,,,TODO
1.5.0-dev,true,target,target.process.authenticode.program_name,keyword,custom,,,TODO
1.5.0-dev,true,target,target.process.authenticode.publisher_link,keyword,custom,,,TODO
1.5.0-dev,true,target,target.process.code_signature.exists,boolean,core,,true,Boolean to capture if a signature is present.
1.5.0-dev,true,target,target.process.code_signature.status,keyword,extended,,ERROR_UNTRUSTED_ROOT,Additional information about the certificate status.
1.5.0-dev,true,target,target.process.code_signature.subject_name,keyword,core,,Microsoft Corporation,Subject name of the code signer
1.5.0-dev,true,target,target.process.code_signature.trusted,boolean,extended,,true,Stores the trust status of the certificate chain.
1.5.0-dev,true,target,target.process.code_signature.valid,boolean,extended,,true,Boolean to capture if the digital signature is verified against the binary content.
1.5.0-dev,true,target,target.process.command_line,keyword,extended,,/usr/bin/ssh -l user 10.0.0.16,Full command line that started the process.
1.5.0-dev,true,target,target.process.command_line.text,text,extended,,/usr/bin/ssh -l user 10.0.0.16,Full command line that started the process.
1.5.0-dev,true,target,target.process.cpu_percent,double,custom,,,TODO
1.5.0-dev,true,target,target.process.cwd,keyword,custom,,,TODO
1.5.0-dev,true,target,target.process.defense_evasions,nested,custom,,,TODO
1.5.0-dev,true,target,target.process.defense_evasions.call_stack,nested,custom,,,TODO
1.5.0-dev,true,target,target.process.defense_evasions.call_stack.instruction_pointer,keyword,custom,,,TODO
1.5.0-dev,true,target,target.process.defense_evasions.call_stack.memory_section.memory_address,keyword,custom,,,TODO
1.5.0-dev,true,target,target.process.defense_evasions.call_stack.memory_section.memory_size,keyword,custom,,,TODO
1.5.0-dev,true,target,target.process.defense_evasions.call_stack.memory_section.protection,keyword,custom,,,TODO
1.5.0-dev,true,target,target.process.defense_evasions.call_stack.module_path,keyword,custom,,,TODO
1.5.0-dev,true,target,target.process.defense_evasions.call_stack.rva,keyword,custom,,,TODO
1.5.0-dev,true,target,target.process.defense_evasions.call_stack.symbol_info,keyword,custom,,,TODO
1.5.0-dev,true,target,target.process.defense_evasions.delta_count,keyword,custom,,,TODO
1.5.0-dev,true,target,target.process.defense_evasions.evasion_subtype,keyword,custom,,,TODO
1.5.0-dev,true,target,target.process.defense_evasions.evasion_type,keyword,custom,,,TODO
1.5.0-dev,true,target,target.process.defense_evasions.instruction_pointer,keyword,custom,,,TODO
1.5.0-dev,true,target,target.process.defense_evasions.memory_sections,nested,custom,,,TODO
1.5.0-dev,true,target,target.process.defense_evasions.memory_sections.memory_address,keyword,custom,,,TODO
1.5.0-dev,true,target,target.process.defense_evasions.memory_sections.memory_size,keyword,custom,,,TODO
1.5.0-dev,true,target,target.process.defense_evasions.memory_sections.protection,keyword,custom,,,TODO
1.5.0-dev,true,target,target.process.defense_evasions.module_path,keyword,custom,,,TODO
1.5.0-dev,true,target,target.process.defense_evasions.thread.thread_id,long,custom,,,TODO
1.5.0-dev,true,target,target.process.defense_evasions.thread.thread_start_address,keyword,custom,,,TODO
1.5.0-dev,true,target,target.process.defense_evasions.total_memory_size,keyword,custom,,,TODO
1.5.0-dev,true,target,target.process.domain,keyword,custom,,,TODO
1.5.0-dev,true,target,target.process.entity_id,keyword,extended,,c2c455d9f99375d,Unique identifier for the process.
1.5.0-dev,true,target,target.process.env_variables,keyword,custom,,,TODO
1.5.0-dev,true,target,target.process.executable,keyword,extended,,/usr/bin/ssh,Absolute path to the process executable.
1.5.0-dev,true,target,target.process.executable.text,text,extended,,/usr/bin/ssh,Absolute path to the process executable.
1.5.0-dev,true,target,target.process.exit_code,long,extended,,137,The exit code of the process.
1.5.0-dev,true,target,target.process.file_hash.imphash,keyword,custom,,,Imphash.
1.5.0-dev,true,target,target.process.file_hash.md5,keyword,custom,,,MD5 hash.
1.5.0-dev,true,target,target.process.file_hash.sha1,keyword,custom,,,SHA1 hash.
1.5.0-dev,true,target,target.process.file_hash.sha256,keyword,custom,,,SHA256 hash.
1.5.0-dev,true,target,target.process.file_hash.sha512,keyword,custom,,,SHA512 hash.
1.5.0-dev,true,target,target.process.gid,long,custom,,,TODO
1.5.0-dev,true,target,target.process.group,keyword,custom,,,TODO
1.5.0-dev,true,target,target.process.handles,nested,custom,,,TODO
1.5.0-dev,true,target,target.process.handles.handle_id,long,custom,,,TODO
1.5.0-dev,true,target,target.process.handles.handle_name,keyword,custom,,,TODO
1.5.0-dev,true,target,target.process.handles.handle_type,keyword,custom,,,TODO
1.5.0-dev,true,target,target.process.has_unbacked_execute_memory,boolean,custom,,,TODO
1.5.0-dev,true,target,target.process.hash.imphash,keyword,extended,,,Imphash.
1.5.0-dev,true,target,target.process.hash.md5,keyword,extended,,,MD5 hash.
1.5.0-dev,true,target,target.process.hash.sha1,keyword,extended,,,SHA1 hash.
1.5.0-dev,true,target,target.process.hash.sha256,keyword,extended,,,SHA256 hash.
1.5.0-dev,true,target,target.process.hash.sha512,keyword,extended,,,SHA512 hash.
1.5.0-dev,true,target,target.process.hash_matched_module,boolean,custom,,,TODO
1.5.0-dev,true,target,target.process.is_endpoint,boolean,custom,,,Is this the Elastic Endpoint process or not.
1.5.0-dev,true,target,target.process.malware_classification.compressed_malware_features.data_buffer,keyword,custom,,,TODO
1.5.0-dev,true,target,target.process.malware_classification.compressed_malware_features.decompressed_size,integer,custom,,,TODO
1.5.0-dev,true,target,target.process.malware_classification.compressed_malware_features.encoding,keyword,custom,,,TODO
1.5.0-dev,true,target,target.process.malware_classification.identifier,keyword,custom,,,TODO
1.5.0-dev,true,target,target.process.malware_classification.prevention_threshold,double,custom,,,TODO
1.5.0-dev,true,target,target.process.malware_classification.score,double,custom,,,TODO
1.5.0-dev,true,target,target.process.malware_classification.threshold,double,custom,,,TODO
1.5.0-dev,true,target,target.process.malware_classification.upx_packed,boolean,custom,,,TODO
1.5.0-dev,true,target,target.process.malware_classification.version,keyword,custom,,,TODO
1.5.0-dev,true,target,target.process.memory_percent,double,custom,,,TODO
1.5.0-dev,true,target,target.process.memory_region,nested,custom,,,TODO
1.5.0-dev,true,target,target.process.memory_region.allocation_base,keyword,custom,,,TODO
1.5.0-dev,true,target,target.process.memory_region.allocation_protection,keyword,custom,,,TODO
1.5.0-dev,true,target,target.process.memory_region.bytes,keyword,custom,,,TODO
1.5.0-dev,true,target,target.process.memory_region.histogram,nested,custom,,,TODO
1.5.0-dev,true,target,target.process.memory_region.histogram.histogram_array,keyword,custom,,,TODO
1.5.0-dev,true,target,target.process.memory_region.histogram.histogram_flavor,keyword,custom,,,TODO
1.5.0-dev,true,target,target.process.memory_region.histogram.histogram_resolution,keyword,custom,,,TODO
1.5.0-dev,true,target,target.process.memory_region.length,keyword,custom,,,TODO
1.5.0-dev,true,target,target.process.memory_region.memory,keyword,custom,,,TODO
1.5.0-dev,true,target,target.process.memory_region.memory_address,keyword,custom,,,TODO
1.5.0-dev,true,target,target.process.memory_region.module_path,keyword,custom,,,TODO
1.5.0-dev,true,target,target.process.memory_region.permission,keyword,custom,,,TODO
1.5.0-dev,true,target,target.process.memory_region.protection,keyword,custom,,,TODO
1.5.0-dev,true,target,target.process.memory_region.region_base,keyword,custom,,,TODO
1.5.0-dev,true,target,target.process.memory_region.region_size,keyword,custom,,,TODO
1.5.0-dev,true,target,target.process.memory_region.region_tag,keyword,custom,,,TODO
1.5.0-dev,true,target,target.process.memory_region.type,keyword,custom,,,TODO
1.5.0-dev,true,target,target.process.memory_region.unbacked_on_disk,boolean,custom,,,TODO
1.5.0-dev,true,target,target.process.modules,nested,custom,,,These fields contain information about a list of modules.
1.5.0-dev,true,target,target.process.modules.architecture,keyword,custom,,,TODO
1.5.0-dev,true,target,target.process.modules.authenticode,nested,custom,,,TODO
1.5.0-dev,true,target,target.process.modules.authenticode.cert_signer.issuer_name,keyword,custom,,,TODO
1.5.0-dev,true,target,target.process.modules.authenticode.cert_signer.serial_number,keyword,custom,,,TODO
1.5.0-dev,true,target,target.process.modules.authenticode.cert_signer.subject_name,keyword,custom,,,TODO
1.5.0-dev,true,target,target.process.modules.authenticode.cert_signer.timestamp_string,keyword,custom,,,TODO
1.5.0-dev,true,target,target.process.modules.authenticode.cert_timestamp.issuer_name,keyword,custom,,,TODO
1.5.0-dev,true,target,target.process.modules.authenticode.cert_timestamp.serial_number,keyword,custom,,,TODO
1.5.0-dev,true,target,target.process.modules.authenticode.cert_timestamp.subject_name,keyword,custom,,,TODO
1.5.0-dev,true,target,target.process.modules.authenticode.cert_timestamp.timestamp_string,keyword,custom,,,TODO
1.5.0-dev,true,target,target.process.modules.authenticode.more_info_link,keyword,custom,,,TODO
1.5.0-dev,true,target,target.process.modules.authenticode.program_name,keyword,custom,,,TODO
1.5.0-dev,true,target,target.process.modules.authenticode.publisher_link,keyword,custom,,,TODO
1.5.0-dev,true,target,target.process.modules.compile_time,date,custom,,,TODO
1.5.0-dev,true,target,target.process.modules.hash.imphash,keyword,extended,,,Imphash.
1.5.0-dev,true,target,target.process.modules.hash.md5,keyword,extended,,,MD5 hash.
1.5.0-dev,true,target,target.process.modules.hash.sha1,keyword,extended,,,SHA1 hash.
1.5.0-dev,true,target,target.process.modules.hash.sha256,keyword,extended,,,SHA256 hash.
1.5.0-dev,true,target,target.process.modules.hash.sha512,keyword,extended,,,SHA512 hash.
1.5.0-dev,true,target,target.process.modules.malware_classification.compressed_malware_features.data_buffer,keyword,custom,,,TODO
1.5.0-dev,true,target,target.process.modules.malware_classification.compressed_malware_features.decompressed_size,integer,custom,,,TODO
1.5.0-dev,true,target,target.process.modules.malware_classification.compressed_malware_features.encoding,keyword,custom,,,TODO
1.5.0-dev,true,target,target.process.modules.malware_classification.identifier,keyword,custom,,,TODO
1.5.0-dev,true,target,target.process.modules.malware_classification.prevention_threshold,double,custom,,,TODO
1.5.0-dev,true,target,target.process.modules.malware_classification.score,double,custom,,,TODO
1.5.0-dev,true,target,target.process.modules.malware_classification.threshold,double,custom,,,TODO
1.5.0-dev,true,target,target.process.modules.malware_classification.upx_packed,boolean,custom,,,TODO
1.5.0-dev,true,target,target.process.modules.malware_classification.version,keyword,custom,,,TODO
1.5.0-dev,true,target,target.process.modules.mapped_address,keyword,custom,,,TODO
1.5.0-dev,true,target,target.process.modules.mapped_size,long,custom,,,TODO
1.5.0-dev,true,target,target.process.modules.path,keyword,custom,,,TODO
1.5.0-dev,true,target,target.process.modules.pe_exports,nested,custom,,,TODO
1.5.0-dev,true,target,target.process.modules.pe_exports.name,keyword,custom,,,TODO
1.5.0-dev,true,target,target.process.modules.pe_exports.ordinal,long,custom,,,TODO
1.5.0-dev,true,target,target.process.modules.pe_imports,nested,custom,,,TODO
1.5.0-dev,true,target,target.process.modules.pe_imports.dll_name,keyword,custom,,,TODO
1.5.0-dev,true,target,target.process.modules.pe_imports.import_names,keyword,custom,,,TODO
1.5.0-dev,true,target,target.process.modules.signature_signer,keyword,custom,,,TODO
1.5.0-dev,true,target,target.process.modules.signature_status,keyword,custom,,,TODO
1.5.0-dev,true,target,target.process.name,keyword,extended,,ssh,Process name.
1.5.0-dev,true,target,target.process.name.text,text,extended,,ssh,Process name.
1.5.0-dev,true,target,target.process.num_threads,long,custom,,,TODO
1.5.0-dev,true,target,target.process.parent.args,keyword,extended,array,"['ssh', '-l', 'user', '10.0.0.16']",Array of process arguments.
1.5.0-dev,true,target,target.process.parent.args_count,long,extended,,4,Length of the process.args array.
1.5.0-dev,true,target,target.process.parent.code_signature.exists,boolean,core,,true,Boolean to capture if a signature is present.
1.5.0-dev,true,target,target.process.parent.code_signature.status,keyword,extended,,ERROR_UNTRUSTED_ROOT,Additional information about the certificate status.
1.5.0-dev,true,target,target.process.parent.code_signature.subject_name,keyword,core,,Microsoft Corporation,Subject name of the code signer
1.5.0-dev,true,target,target.process.parent.code_signature.trusted,boolean,extended,,true,Stores the trust status of the certificate chain.
1.5.0-dev,true,target,target.process.parent.code_signature.valid,boolean,extended,,true,Boolean to capture if the digital signature is verified against the binary content.
1.5.0-dev,true,target,target.process.parent.command_line,keyword,extended,,/usr/bin/ssh -l user 10.0.0.16,Full command line that started the process.
1.5.0-dev,true,target,target.process.parent.command_line.text,text,extended,,/usr/bin/ssh -l user 10.0.0.16,Full command line that started the process.
1.5.0-dev,true,target,target.process.parent.entity_id,keyword,extended,,c2c455d9f99375d,Unique identifier for the process.
1.5.0-dev,true,target,target.process.parent.executable,keyword,extended,,/usr/bin/ssh,Absolute path to the process executable.
1.5.0-dev,true,target,target.process.parent.executable.text,text,extended,,/usr/bin/ssh,Absolute path to the process executable.
1.5.0-dev,true,target,target.process.parent.exit_code,long,extended,,137,The exit code of the process.
1.5.0-dev,true,target,target.process.parent.hash.imphash,keyword,extended,,,Imphash.
1.5.0-dev,true,target,target.process.parent.hash.md5,keyword,extended,,,MD5 hash.
1.5.0-dev,true,target,target.process.parent.hash.sha1,keyword,extended,,,SHA1 hash.
1.5.0-dev,true,target,target.process.parent.hash.sha256,keyword,extended,,,SHA256 hash.
1.5.0-dev,true,target,target.process.parent.hash.sha512,keyword,extended,,,SHA512 hash.
1.5.0-dev,true,target,target.process.parent.name,keyword,extended,,ssh,Process name.
1.5.0-dev,true,target,target.process.parent.name.text,text,extended,,ssh,Process name.
1.5.0-dev,true,target,target.process.parent.pgid,long,extended,,,Identifier of the group of processes the process belongs to.
1.5.0-dev,true,target,target.process.parent.pid,long,core,,4242,Process id.
1.5.0-dev,true,target,target.process.parent.ppid,long,extended,,4241,Parent process' pid.
1.5.0-dev,true,target,target.process.parent.start,date,extended,,2016-05-23T08:05:34.853Z,The time the process started.
1.5.0-dev,true,target,target.process.parent.thread.id,long,extended,,4242,Thread ID.
1.5.0-dev,true,target,target.process.parent.thread.name,keyword,extended,,thread-0,Thread name.
1.5.0-dev,true,target,target.process.parent.title,keyword,extended,,,Process title.
1.5.0-dev,true,target,target.process.parent.title.text,text,extended,,,Process title.
1.5.0-dev,true,target,target.process.parent.uptime,long,extended,,1325,Seconds the process has been up.
1.5.0-dev,true,target,target.process.parent.working_directory,keyword,extended,,/home/alice,The working directory of the process.
1.5.0-dev,true,target,target.process.parent.working_directory.text,text,extended,,/home/alice,The working directory of the process.
1.5.0-dev,true,target,target.process.pe.company,keyword,extended,,Microsoft Corporation,"Internal company name of the file, provided at compile-time."
1.5.0-dev,true,target,target.process.pe.description,keyword,extended,,Paint,"Internal description of the file, provided at compile-time."
1.5.0-dev,true,target,target.process.pe.file_version,keyword,extended,,6.3.9600.17415,Process name.
1.5.0-dev,true,target,target.process.pe.original_file_name,keyword,extended,,MSPAINT.EXE,"Internal name of the file, provided at compile-time."
1.5.0-dev,true,target,target.process.pe.product,keyword,extended,,Microsoft速 Windows速 Operating System,"Internal product name of the file, provided at compile-time."
1.5.0-dev,true,target,target.process.pe_info.architecture,keyword,custom,,,TODO
1.5.0-dev,true,target,target.process.pe_info.authenticode,nested,custom,,,TODO
1.5.0-dev,true,target,target.process.pe_info.authenticode.cert_signer.issuer_name,keyword,custom,,,TODO
1.5.0-dev,true,target,target.process.pe_info.authenticode.cert_signer.serial_number,keyword,custom,,,TODO
1.5.0-dev,true,target,target.process.pe_info.authenticode.cert_signer.subject_name,keyword,custom,,,TODO
1.5.0-dev,true,target,target.process.pe_info.authenticode.cert_signer.timestamp_string,keyword,custom,,,TODO
1.5.0-dev,true,target,target.process.pe_info.authenticode.cert_timestamp.issuer_name,keyword,custom,,,TODO
1.5.0-dev,true,target,target.process.pe_info.authenticode.cert_timestamp.serial_number,keyword,custom,,,TODO
1.5.0-dev,true,target,target.process.pe_info.authenticode.cert_timestamp.subject_name,keyword,custom,,,TODO
1.5.0-dev,true,target,target.process.pe_info.authenticode.cert_timestamp.timestamp_string,keyword,custom,,,TODO
1.5.0-dev,true,target,target.process.pe_info.authenticode.more_info_link,keyword,custom,,,TODO
1.5.0-dev,true,target,target.process.pe_info.authenticode.program_name,keyword,custom,,,TODO
1.5.0-dev,true,target,target.process.pe_info.authenticode.publisher_link,keyword,custom,,,TODO
1.5.0-dev,true,target,target.process.pe_info.compile_time,long,custom,,,TODO
1.5.0-dev,true,target,target.process.pe_info.entry_point_address,long,custom,,,TODO
1.5.0-dev,true,target,target.process.pe_info.is_dll,boolean,custom,,,TODO
1.5.0-dev,true,target,target.process.pe_info.malware_classification.compressed_malware_features.data_buffer,keyword,custom,,,TODO
1.5.0-dev,true,target,target.process.pe_info.malware_classification.compressed_malware_features.decompressed_size,integer,custom,,,TODO
1.5.0-dev,true,target,target.process.pe_info.malware_classification.compressed_malware_features.encoding,keyword,custom,,,TODO
1.5.0-dev,true,target,target.process.pe_info.malware_classification.identifier,keyword,custom,,,TODO
1.5.0-dev,true,target,target.process.pe_info.malware_classification.prevention_threshold,double,custom,,,TODO
1.5.0-dev,true,target,target.process.pe_info.malware_classification.score,double,custom,,,TODO
1.5.0-dev,true,target,target.process.pe_info.malware_classification.threshold,double,custom,,,TODO
1.5.0-dev,true,target,target.process.pe_info.malware_classification.upx_packed,boolean,custom,,,TODO
1.5.0-dev,true,target,target.process.pe_info.malware_classification.version,keyword,custom,,,TODO
1.5.0-dev,true,target,target.process.pe_info.pe_exports,nested,custom,,,TODO
1.5.0-dev,true,target,target.process.pe_info.pe_exports.name,keyword,custom,,,TODO
1.5.0-dev,true,target,target.process.pe_info.pe_exports.ordinal,long,custom,,,TODO
1.5.0-dev,true,target,target.process.pe_info.pe_imports,nested,custom,,,TODO
1.5.0-dev,true,target,target.process.pe_info.pe_imports.dll_name,keyword,custom,,,TODO
1.5.0-dev,true,target,target.process.pe_info.pe_imports.import_names,keyword,custom,,,TODO
1.5.0-dev,true,target,target.process.pe_info.resources,nested,custom,,,TODO
1.5.0-dev,true,target,target.process.pe_info.resources.resource_data.entropy,double,custom,,,TODO
1.5.0-dev,true,target,target.process.pe_info.resources.resource_data.size,long,custom,,,TODO
1.5.0-dev,true,target,target.process.pe_info.resources.resource_id,long,custom,,,TODO
1.5.0-dev,true,target,target.process.pe_info.resources.resource_name,keyword,custom,,,TODO
1.5.0-dev,true,target,target.process.pe_info.resources.resource_type,keyword,custom,,,TODO
1.5.0-dev,true,target,target.process.pe_info.sections,nested,custom,,,TODO
1.5.0-dev,true,target,target.process.pe_info.sections.entropy,double,custom,,,TODO
1.5.0-dev,true,target,target.process.pe_info.sections.name,keyword,custom,,,TODO
1.5.0-dev,true,target,target.process.pe_info.sections.raw_offset,keyword,custom,,,TODO
1.5.0-dev,true,target,target.process.pe_info.sections.raw_size,keyword,custom,,,TODO
1.5.0-dev,true,target,target.process.pe_info.sections.virtual_address,keyword,custom,,,TODO
1.5.0-dev,true,target,target.process.pe_info.sections.virtual_size,keyword,custom,,,TODO
1.5.0-dev,true,target,target.process.pe_info.signature_signer,keyword,custom,,,TODO
1.5.0-dev,true,target,target.process.pe_info.signature_status,keyword,custom,,,TODO
1.5.0-dev,true,target,target.process.pe_info.version_info,nested,custom,,,TODO
1.5.0-dev,true,target,target.process.pe_info.version_info.code_page,long,custom,,,TODO
1.5.0-dev,true,target,target.process.pe_info.version_info.key,keyword,custom,,,TODO
1.5.0-dev,true,target,target.process.pe_info.version_info.language,long,custom,,,TODO
1.5.0-dev,true,target,target.process.pe_info.version_info.value_string,keyword,custom,,,TODO
1.5.0-dev,true,target,target.process.pgid,long,extended,,,Identifier of the group of processes the process belongs to.
1.5.0-dev,true,target,target.process.phys_memory_bytes,keyword,custom,,,TODO
1.5.0-dev,true,target,target.process.pid,long,core,,4242,Process id.
1.5.0-dev,true,target,target.process.ppid,long,extended,,4241,Parent process' pid.
1.5.0-dev,true,target,target.process.services,keyword,custom,,,TODO
1.5.0-dev,true,target,target.process.session_id,long,custom,,,TODO
1.5.0-dev,true,target,target.process.short_name,keyword,custom,,,TODO
1.5.0-dev,true,target,target.process.sid,keyword,custom,,,TODO
1.5.0-dev,true,target,target.process.signature_signer,keyword,custom,,,TODO
1.5.0-dev,true,target,target.process.signature_status,keyword,custom,,,TODO
1.5.0-dev,true,target,target.process.start,date,extended,,2016-05-23T08:05:34.853Z,The time the process started.
1.5.0-dev,true,target,target.process.thread.id,long,extended,,4242,Thread ID.
1.5.0-dev,true,target,target.process.thread.name,keyword,extended,,thread-0,Thread name.
1.5.0-dev,true,target,target.process.threads,nested,custom,,,TODO
1.5.0-dev,true,target,target.process.threads.entrypoint,keyword,custom,,,TODO
1.5.0-dev,true,target,target.process.threads.id,long,custom,,,TODO
1.5.0-dev,true,target,target.process.threads.start,date,custom,,,TODO
1.5.0-dev,true,target,target.process.threads.uptime,long,custom,,,TODO
1.5.0-dev,true,target,target.process.title,keyword,extended,,,Process title.
1.5.0-dev,true,target,target.process.title.text,text,extended,,,Process title.
1.5.0-dev,true,target,target.process.token.domain,keyword,extended,,,TODO
1.5.0-dev,true,target,target.process.token.impersonation_level,keyword,extended,,,Impersonation level. Only valid for impersonation tokens.
1.5.0-dev,true,target,target.process.token.integrity_level,long,extended,,,Numeric integrity level.
1.5.0-dev,true,target,target.process.token.integrity_level_name,keyword,extended,,,Human readable integrity level.
1.5.0-dev,true,target,target.process.token.is_appcontainer,boolean,extended,,,Whether or not this is an appcontainer token.
1.5.0-dev,true,target,target.process.token.privileges,nested,extended,,,Array describing the privileges associated with the token.
1.5.0-dev,true,target,target.process.token.privileges.description,keyword,extended,,,Description of the privilege.
1.5.0-dev,true,target,target.process.token.privileges.enabled,boolean,extended,,,Whether or not the privilege is enabled.
1.5.0-dev,true,target,target.process.token.privileges.name,keyword,extended,,,Name of the privilege.
1.5.0-dev,true,target,target.process.token.sid,keyword,extended,,,TODO
1.5.0-dev,true,target,target.process.token.type,keyword,extended,,,"Type of the token, either primary or impersonation."
1.5.0-dev,true,target,target.process.token.user,keyword,extended,,,Username of token owner.
1.5.0-dev,true,target,target.process.tty_device_major_number,integer,custom,,,TODO
1.5.0-dev,true,target,target.process.tty_device_minor_number,integer,custom,,,TODO
1.5.0-dev,true,target,target.process.tty_device_name,keyword,custom,,,TODO
1.5.0-dev,true,target,target.process.uid,long,custom,,,TODO
1.5.0-dev,true,target,target.process.unbacked_execute_byte_count,keyword,custom,,,TODO
1.5.0-dev,true,target,target.process.unbacked_execute_region_count,keyword,custom,,,TODO
1.5.0-dev,true,target,target.process.unique_pid,keyword,custom,,,Unique process id.
1.5.0-dev,true,target,target.process.unique_ppid,keyword,custom,,,Unique parent process id.
1.5.0-dev,true,target,target.process.uptime,long,extended,,1325,Seconds the process has been up.
1.5.0-dev,true,target,target.process.user,keyword,custom,,,TODO
1.5.0-dev,true,target,target.process.virt_memory_bytes,keyword,custom,,,TODO
1.5.0-dev,true,target,target.process.working_directory,keyword,extended,,/home/alice,The working directory of the process.
1.5.0-dev,true,target,target.process.working_directory.text,text,extended,,/home/alice,The working directory of the process.
1.5.0-dev,true,target,target.thread.call_stack,nested,custom,,,TODO
1.5.0-dev,true,target,target.thread.call_stack.instruction_pointer,keyword,custom,,,TODO
1.5.0-dev,true,target,target.thread.call_stack.memory_section.memory_address,keyword,custom,,,TODO
1.5.0-dev,true,target,target.thread.call_stack.memory_section.memory_size,keyword,custom,,,TODO
1.5.0-dev,true,target,target.thread.call_stack.memory_section.protection,keyword,custom,,,TODO
1.5.0-dev,true,target,target.thread.call_stack.module_path,keyword,custom,,,TODO
1.5.0-dev,true,target,target.thread.call_stack.rva,keyword,custom,,,TODO
1.5.0-dev,true,target,target.thread.call_stack.symbol_info,keyword,custom,,,TODO
1.5.0-dev,true,target,target.thread.id,long,core,,3147,Thread id.
1.5.0-dev,true,target,target.thread.name,keyword,extended,,thread-0,Thread name.
1.5.0-dev,true,target,target.thread.service_name,keyword,extended,,VaultSvc,Service associated with the thread.
1.5.0-dev,true,target,target.thread.start,date,extended,,2016-05-23T08:05:34.853Z,The time the thread started.
1.5.0-dev,true,target,target.thread.start_address,keyword,extended,,5442508,Memory address where the thread started.
1.5.0-dev,true,target,target.thread.start_address_module,keyword,extended,,C:\Program Files\VMware\VMware Tools\vmtoolsd.exe,TODO
1.5.0-dev,true,target,target.thread.token.domain,keyword,extended,,,TODO
1.5.0-dev,true,target,target.thread.token.impersonation_level,keyword,extended,,,Impersonation level. Only valid for impersonation tokens.
1.5.0-dev,true,target,target.thread.token.integrity_level,long,extended,,,Numeric integrity level.
1.5.0-dev,true,target,target.thread.token.integrity_level_name,keyword,extended,,,Human readable integrity level.
1.5.0-dev,true,target,target.thread.token.is_appcontainer,boolean,extended,,,Whether or not this is an appcontainer token.
1.5.0-dev,true,target,target.thread.token.privileges,nested,extended,,,Array describing the privileges associated with the token.
1.5.0-dev,true,target,target.thread.token.privileges.description,keyword,extended,,,Description of the privilege.
1.5.0-dev,true,target,target.thread.token.privileges.enabled,boolean,extended,,,Whether or not the privilege is enabled.
1.5.0-dev,true,target,target.thread.token.privileges.name,keyword,extended,,,Name of the privilege.
1.5.0-dev,true,target,target.thread.token.sid,keyword,extended,,,TODO
1.5.0-dev,true,target,target.thread.token.type,keyword,extended,,,"Type of the token, either primary or impersonation."
1.5.0-dev,true,target,target.thread.token.user,keyword,extended,,,Username of token owner.
1.5.0-dev,true,thread,thread.call_stack,nested,custom,,,TODO
1.5.0-dev,true,thread,thread.call_stack.instruction_pointer,keyword,custom,,,TODO
1.5.0-dev,true,thread,thread.call_stack.memory_section.memory_address,keyword,custom,,,TODO
1.5.0-dev,true,thread,thread.call_stack.memory_section.memory_size,keyword,custom,,,TODO
1.5.0-dev,true,thread,thread.call_stack.memory_section.protection,keyword,custom,,,TODO
1.5.0-dev,true,thread,thread.call_stack.module_path,keyword,custom,,,TODO
1.5.0-dev,true,thread,thread.call_stack.rva,keyword,custom,,,TODO
1.5.0-dev,true,thread,thread.call_stack.symbol_info,keyword,custom,,,TODO
1.5.0-dev,true,thread,thread.id,long,core,,3147,Thread id.
1.5.0-dev,true,thread,thread.name,keyword,extended,,thread-0,Thread name.
1.5.0-dev,true,thread,thread.service_name,keyword,extended,,VaultSvc,Service associated with the thread.
1.5.0-dev,true,thread,thread.start,date,extended,,2016-05-23T08:05:34.853Z,The time the thread started.
1.5.0-dev,true,thread,thread.start_address,keyword,extended,,5442508,Memory address where the thread started.
1.5.0-dev,true,thread,thread.start_address_module,keyword,extended,,C:\Program Files\VMware\VMware Tools\vmtoolsd.exe,TODO
1.5.0-dev,true,thread,thread.token.domain,keyword,extended,,,TODO
1.5.0-dev,true,thread,thread.token.impersonation_level,keyword,extended,,,Impersonation level. Only valid for impersonation tokens.
1.5.0-dev,true,thread,thread.token.integrity_level,long,extended,,,Numeric integrity level.
1.5.0-dev,true,thread,thread.token.integrity_level_name,keyword,extended,,,Human readable integrity level.
1.5.0-dev,true,thread,thread.token.is_appcontainer,boolean,extended,,,Whether or not this is an appcontainer token.
1.5.0-dev,true,thread,thread.token.privileges,nested,extended,,,Array describing the privileges associated with the token.
1.5.0-dev,true,thread,thread.token.privileges.description,keyword,extended,,,Description of the privilege.
1.5.0-dev,true,thread,thread.token.privileges.enabled,boolean,extended,,,Whether or not the privilege is enabled.
1.5.0-dev,true,thread,thread.token.privileges.name,keyword,extended,,,Name of the privilege.
1.5.0-dev,true,thread,thread.token.sid,keyword,extended,,,TODO
1.5.0-dev,true,thread,thread.token.type,keyword,extended,,,"Type of the token, either primary or impersonation."
1.5.0-dev,true,thread,thread.token.user,keyword,extended,,,Username of token owner.
1.5.0-dev,true,threat,threat.framework,keyword,extended,,MITRE ATT&CK,Threat classification framework.
1.5.0-dev,true,threat,threat.tactic.id,keyword,extended,array,TA0040,Threat tactic id.
1.5.0-dev,true,threat,threat.tactic.name,keyword,extended,array,impact,Threat tactic.
1.5.0-dev,true,threat,threat.tactic.reference,keyword,extended,array,https://attack.mitre.org/tactics/TA0040/,Threat tactic url reference.
1.5.0-dev,true,threat,threat.technique.id,keyword,extended,array,T1499,Threat technique id.
1.5.0-dev,true,threat,threat.technique.name,keyword,extended,array,endpoint denial of service,Threat technique name.
1.5.0-dev,true,threat,threat.technique.name.text,text,extended,,endpoint denial of service,Threat technique name.
1.5.0-dev,true,threat,threat.technique.reference,keyword,extended,array,https://attack.mitre.org/techniques/T1499/,Threat technique reference.
1.5.0-dev,true,user,user.domain,keyword,extended,,,Name of the directory the user is a member of.
1.5.0-dev,true,user,user.email,keyword,extended,,,User email address.
1.5.0-dev,true,user,user.full_name,keyword,extended,,Albert Einstein,"User's full name, if available."
1.5.0-dev,true,user,user.full_name.text,text,extended,,Albert Einstein,"User's full name, if available."
1.5.0-dev,true,user,user.group.domain,keyword,extended,,,Name of the directory the group is a member of.
1.5.0-dev,true,user,user.group.id,keyword,extended,,,Unique identifier for the group on the system/platform.
1.5.0-dev,true,user,user.group.name,keyword,extended,,,Name of the group.
1.5.0-dev,true,user,user.hash,keyword,extended,,,Unique user hash to correlate information for a user in anonymized form.
1.5.0-dev,true,user,user.id,keyword,core,,,Unique identifiers of the user.
1.5.0-dev,true,user,user.name,keyword,core,,albert,Short name or login of the user.
1.5.0-dev,true,user,user.name.text,text,core,,albert,Short name or login of the user.
